Block,total_wape,admitted_wape,total_rmse,admitted_rmse
0,0.20936936936936937,0.4323521469079125,3.816926779642526,2.109892435773677
1,0.16088215319726917,0.2802441067368673,5.862888092921735,3.0985194924782204
2,0.12942368525108738,0.23205274295946607,6.749561790378685,3.803966956882446
3,0.13770203891221428,0.327722432153899,6.385909127990039,3.6616126785075735
