Block,total_wape,admitted_wape,total_rmse,admitted_rmse
0,0.20987387387387388,0.43046178773967053,3.8157136661302307,2.111111111111111
1,0.16174000071487293,0.2798851262414742,5.88128439822795,3.0880427831318458
2,0.1299673784104389,0.2288783981767866,6.72757668598758,3.768780134699251
3,0.13786668861996104,0.3295545631512653,6.394442031083626,3.6722740512955907
