Block,total_wape,admitted_wape,total_rmse,admitted_rmse
0,0.2123963963963964,0.43262219821766135,3.85287557621075,2.1213203435596424
1,0.16241912999964256,0.28179968888357065,5.88801530906938,3.0993494604818768
2,0.12991795175958876,0.229122578544685,6.762049145190776,3.7719181135258
3,0.13720808978897395,0.3278369403412344,6.37333049227686,3.664280929801956
