Block,total_wape,admitted_wape,total_rmse,admitted_rmse
0,0.21009009009009008,0.4323521469079125,3.8096423041535945,2.1064763939702504
1,0.16177574436143977,0.2806030872322604,5.895349356308056,3.098685503863187
2,0.12947311190193753,0.23229692332736449,6.744072233307251,3.811127308031666
3,0.13734529787876293,0.32852398946524675,6.409467662775483,3.6763340570146004
