Site,total_wape,admitted_wape,total_rmse,admitted_rmse
A,0.14631959786123652,0.2575538179360942,5.995883361436463,3.5433819375782165
B,0.1248513674197384,0.2641311015686618,7.021571699826362,3.9076268149738764
C,0.16087822791733405,0.3042387760220717,5.343739847293799,3.1322036313875516
D,0.1930750206100577,0.464167916041979,4.633590897894796,2.0722544928477227
