Site,total_wape,admitted_wape,total_rmse,admitted_rmse
A,0.14785643390004163,0.2542716478424558,6.0564899041315785,3.5110056242944356
B,0.12459983536083417,0.26404346683025154,6.992426826346537,3.907758453600637
C,0.16216744149705042,0.3053674441936293,5.3684223797812916,3.1382742761108
D,0.19400934322616104,0.4656671664167916,4.632813719864307,2.0769655770451405
