Site,total_wape,admitted_wape,total_rmse,admitted_rmse
A,0.14702398104568887,0.2560092673037938,6.000514381243176,3.5235830996419404
B,0.12453123570840574,0.2630794847077381,6.99205898780101,3.893647881763385
C,0.16228464273157012,0.30436418359668926,5.367176572662755,3.136962699718291
D,0.19389942291838416,0.4623688155922039,4.647225819661666,2.0652922550490116
