Site,total_wape,admitted_wape,total_rmse,admitted_rmse
A,0.14609547593891076,0.2568780770344628,6.017549779585893,3.5458490192744687
B,0.1251486325802616,0.26465690999912367,7.039205318971293,3.9139404749117306
C,0.16099542915185372,0.3054928517682468,5.3459534329243725,3.1430241524756486
D,0.19389942291838416,0.4653673163418291,4.635921650257379,2.0757268546966006
