{
  "pipeline": "C",
  "n_folds": 4,
  "mean_admitted_wape": 0.29133770603750736,
  "mean_total_wape": 0.14942468790803387
}