{
  "pipeline": "C",
  "n_folds": 4,
  "mean_admitted_wape": 0.2909645137909024,
  "mean_total_wape": 0.14917404149361696
}