{
  "pipeline": "C",
  "n_folds": 4,
  "mean_admitted_wape": 0.2923657992500144,
  "mean_total_wape": 0.14888673672123964
}