Block,total_wape,admitted_wape,total_rmse,admitted_rmse
0,0.5295855855855855,0.6762084796111261,11.632135846960347,3.66442131026096
1,0.46019944954784286,0.5103506042838339,16.226312269784014,5.502244211049224
2,0.25350929221035984,0.2835748005860329,14.122917195942797,4.334520255301779
3,0.25320380889657257,0.3001259590060689,12.585060383485137,3.333796264150555
