Block,total_wape,admitted_wape,total_rmse,admitted_rmse
0,0.534054054054054,0.6751282743721307,11.651489245847095,3.6669472395458826
1,0.4687421810773135,0.5138207490726338,16.36718588098001,5.527335735163742
2,0.2608985765124555,0.2874002930164415,14.408180975138592,4.395915612710744
3,0.2618753601712357,0.30424825375014314,12.864000555350806,3.3703194949355155
