Block,total_wape,admitted_wape,total_rmse,admitted_rmse
0,0.5299459459459459,0.674588171752633,11.63297604601861,3.657958233251713
1,0.4598777567287415,0.5096326432930477,16.226153760014153,5.490264484997634
2,0.25341043890865955,0.2834120136741006,14.11737976830806,4.336893124727498
3,0.25320380889657257,0.30035497538073974,12.586695242173045,3.3331790087732687
