Site,total_wape,admitted_wape,total_rmse,admitted_rmse
A,0.14769634681266608,0.23428902403706922,6.123472346654871,3.2360813064912666
B,0.22857404189152108,0.3194286215055648,13.092029428927406,4.590314548516363
C,0.3497675508848693,0.4599949836970153,13.265762423430367,5.122170000537204
D,0.8873866446826051,0.9397301349325338,19.275936511491775,3.9780777871553035
