Site,total_wape,admitted_wape,total_rmse,admitted_rmse
A,0.14760029456024076,0.23419248962255043,6.127587217076608,3.2378293801017692
B,0.22839110948504526,0.31863990885987203,13.087313619600387,4.581902133447835
C,0.34988475211938896,0.4597441685477803,13.26518075927093,5.111916200682319
D,0.8873866446826051,0.9397301349325338,19.27561627331405,3.9791121287711073
