Site,total_wape,admitted_wape,total_rmse,admitted_rmse
A,0.15829411199692633,0.23824693503233904,6.665586332218898,3.290465087769077
B,0.2371032653434556,0.32030496888966786,13.453738752471489,4.608209707448103
C,0.357580966519514,0.46664158515174314,13.404401647932467,5.168458470662501
D,0.8880461665292663,0.9409295352323838,19.277164041890146,3.988151174947946
