{
  "pipeline": "D",
  "n_folds": 4,
  "mean_admitted_wape": 0.38882794071214055,
  "mean_total_wape": 0.33406490249155063
}