{
  "n_pipelines": 5,
  "wapes": {
    "A": 0.2793721977001039,
    "B": 0.2828893155168087,
    "C": 0.2909645137909024,
    "D": 0.38882794071214055,
    "E": 0.27787622748894003
  },
  "mean_wape": 0.3039860390417791,
  "std_wape": 0.04266226338887675,
  "cv": 0.14034283785977864,
  "interpretation": "PARTIAL CONVERGENCE -- some diversity remains. Ensemble will help; investigate outlier pipelines."
}