{
  "n_pipelines": 5,
  "wapes": {
    "A": 0.2822404918613365,
    "B": 0.24757975941091792,
    "C": 0.2919657509434502,
    "D": 0.38882794071214055,
    "E": 0.23977503532774103
  },
  "mean_wape": 0.29007779565111724,
  "std_wape": 0.053203439054024755,
  "cv": 0.18341093269342706,
  "interpretation": "DIVERGENT -- pipelines capture different signals. Strong ensemble gains expected."
}