{
  "n_pipelines": 5,
  "wapes": {
    "A": 0.2820066442933157,
    "B": 0.28079728885121014,
    "C": 0.2923657992500144,
    "D": 0.38882794071214055,
    "E": 0.2753515582143979
  },
  "mean_wape": 0.30386984626421576,
  "std_wape": 0.04283422969826039,
  "cv": 0.1409624226453055,
  "interpretation": "PARTIAL CONVERGENCE -- some diversity remains. Ensemble will help; investigate outlier pipelines."
}