{
  "n_pipelines": 3,
  "wapes": {
    "A": 0.2848724304189383,
    "C": 0.29133770603750736,
    "D": 0.38918487664153767
  },
  "mean_wape": 0.32179833769932775,
  "std_wape": 0.04772252556996185,
  "cv": 0.14829947821095144,
  "interpretation": "PARTIAL CONVERGENCE -- some diversity remains. Ensemble will help; investigate outlier pipelines."
}