rank,pipeline,n_folds,admitted_wape,total_wape,admitted_rmse,total_rmse,admitted_mae,total_mae,admitted_r2,total_r2
1,A,4,0.27936556027240445,0.14540386699162955,3.0539024273874786,5.672336039049299,2.376917955480465,4.441183678934113,0.694207684260628,0.8689998796447804
2,B,4,0.2828893155168087,0.14917845542294422,3.0779572933624713,5.822643275501085,2.4069208992865403,4.5572836372558685,0.6893183387505579,0.8619626451378114
3,C,4,0.2909645137909024,0.14917404149361696,3.2280730880385344,5.81424877601135,2.475659051237351,4.556393773135907,0.6583309632683572,0.8624399027260374
4,E,4,0.29277127378140777,0.15821683473192777,3.122158184545406,6.053066259880266,2.490998283573394,4.832165520888418,0.6802354310361552,0.850871378253817
5,D,4,0.38882794071214055,0.33406490249155063,4.28529941917083,13.736664600991482,3.3082131349209907,10.204907739268974,0.3976731856712197,0.23081917033340787
