rank,pipeline,n_folds,admitted_wape,total_wape,admitted_rmse,total_rmse,admitted_mae,total_mae,admitted_r2,total_r2
1,E,4,0.23977503532774103,0.08951012098909865,2.6783945762917827,3.8019634459687373,2.0401101980612895,2.73263455518558,0.7647374872591872,0.9411278773171918
2,B,4,0.24757975941091792,0.09100904926567185,2.7344327642419404,3.8171378814997716,2.106540851401375,2.7787915998171533,0.7547956154016657,0.9406993985940288
3,A,4,0.2822404918613365,0.14734476232023302,3.081485713698684,5.714226682626563,2.401334530089003,4.500770473316961,0.6885618027148829,0.8670441179408233
4,C,4,0.2919657509434502,0.1486721588419264,3.237568448274296,5.813917750551536,2.4841801233989727,4.541124354659448,0.6562823875278706,0.8624646544020362
5,D,4,0.38882794071214055,0.33406490249155063,4.28529941917083,13.736664600991482,3.3082131349209907,10.204907739268974,0.3976731856712197,0.23081917033340787
