rank,pipeline,n_folds,admitted_wape,total_wape,admitted_rmse,total_rmse,admitted_mae,total_mae,admitted_r2,total_r2
1,A,4,0.2848724304189383,0.14794115909252945,3.0998629503886588,5.733210967543554,2.4237458993985785,4.518856674457063,0.6848518932353939,0.8661688873246988
2,C,4,0.29133770603750736,0.14942468790803387,3.2311471746081253,5.826845246136932,2.4788353367646927,4.563940462292393,0.6576801158340719,0.861855966252585
3,D,4,0.38918487664153767,0.3341355644799456,4.2899791797072755,13.737629848993336,3.3112434905753387,10.207023512355583,0.3963098966414026,0.23072361132257455
