rank,pipeline,n_folds,admitted_wape,total_wape,admitted_rmse,total_rmse,admitted_mae,total_mae,admitted_r2,total_r2
1,E,4,0.2753515582143979,0.1458976827768552,3.020155589626884,5.691029206235092,2.342775757042727,4.4561279762971795,0.7009006367006781,0.8682034425420978
2,B,4,0.28079728885121014,0.14821603516046294,3.0645215345056793,5.758597341677348,2.3891019794925112,4.527832972196578,0.6920105659480533,0.8649561030700079
3,A,4,0.2820066442933157,0.14630308123800373,3.0778954281628534,5.682729439557237,2.3993708489813477,4.468855736136382,0.6893034523769398,0.8685376523117583
4,C,4,0.2923657992500144,0.14888673672123964,3.243328608153881,5.826240138566764,2.4875848970144037,4.547558013426669,0.6550655858465562,0.8619031267802817
5,D,4,0.38882794071214055,0.33406490249155063,4.28529941917083,13.736664600991482,3.3082131349209907,10.204907739268974,0.3976731856712197,0.23081917033340787
