rank,pipeline,n_folds,admitted_wape,total_wape,admitted_rmse,total_rmse,admitted_mae,total_mae,admitted_r2,total_r2
1,A,4,0.2848724304189383,0.14794115909252945,3.0998629503886588,5.733210967543554,2.4237458993985785,4.518856674457063,0.6848518932353939,0.8661688873246988
2,D,4,0.39242299960314897,0.3418242601190743,4.320924823249337,13.919457275093535,3.338746439983329,10.442564130717313,0.38744841823389636,0.2103905154501253
