rank,pipeline,n_folds,admitted_wape,total_wape,admitted_rmse,total_rmse,admitted_mae,total_mae,admitted_r2,total_r2
1,E,4,0.27787622748894003,0.1456201146935458,3.03812630088831,5.681790834108767,2.3642212862667944,4.447765578364061,0.6971683595844055,0.8685595196662069
2,A,4,0.2793721977001039,0.14593702175632517,3.0574609173529907,5.676634425891587,2.376979576540078,4.457603170459537,0.6935019308526329,0.8688166126423644
3,B,4,0.2828893155168087,0.14917845542294422,3.0779572933624713,5.822643275501085,2.4069208992865403,4.5572836372558685,0.6893183387505579,0.8619626451378114
4,C,4,0.2909645137909024,0.14917404149361696,3.2280730880385344,5.81424877601135,2.475659051237351,4.556393773135907,0.6583309632683572,0.8624399027260374
5,D,4,0.38882794071214055,0.33406490249155063,4.28529941917083,13.736664600991482,3.3082131349209907,10.204907739268974,0.3976731856712197,0.23081917033340787
