fold_id,A,D,best
1,0.2823031961198856,0.3887576172117896,A
2,0.28827204998798367,0.38920932468156694,A
3,0.28435390549662487,0.3977820636451302,A
4,0.2845605700712589,0.3939429928741093,A
