fold_id,A,B,C,D,E,best
1,0.279940305932098,0.2829250093271981,0.29710235045392364,0.386892177589852,0.2778261410272354,E
2,0.28586878154289835,0.2817832251862533,0.29944724825763036,0.38981014179283824,0.2778178322518625,E
3,0.2812198649951784,0.2855593056894889,0.289778206364513,0.39428640308582447,0.2767598842815815,E
4,0.28099762470308787,0.2729216152019002,0.2831353919239905,0.3843230403800475,0.2690023752969121,E
