fold_id,A,C,D,best
1,0.2823031961198856,0.2961074493222236,0.3862703643825395,A
2,0.28827204998798367,0.29812545061283346,0.389689978370584,A
3,0.28435390549662487,0.2888138862102218,0.39645612343297976,A
4,0.2845605700712589,0.28230403800475057,0.3843230403800475,C
