fold_id,A,B,C,D,E,best
1,0.2823031961198856,0.27844795423454793,0.2961074493222236,0.3862703643825395,0.278945404800398,B
2,0.28827204998798367,0.2814227349194905,0.29812545061283346,0.389689978370584,0.27517423696226867,E
3,0.28435390549662487,0.2849566055930569,0.2888138862102218,0.39645612343297976,0.28037608486017357,E
4,0.2845605700712589,0.26947743467933494,0.28230403800475057,0.3843230403800475,0.2718527315914489,B
