fold_id,A,B,C,D,E,best
1,0.2826762840442731,0.2854122621564482,0.29511254819052357,0.386892177589852,0.28130829498818555,E
2,0.28478731074260993,0.2859889449651526,0.29860610430185053,0.38981014179283824,0.2740927661619803,E
3,0.2678399228543877,0.28640308582449375,0.28688524590163933,0.39428640308582447,0.2854387656702025,A
4,0.2821852731591449,0.27375296912114017,0.2832541567695962,0.3843230403800475,0.27066508313539195,E
