fold_id,A,B,C,D,E,best
1,0.28155702027111057,0.2854122621564482,0.29511254819052357,0.386892177589852,0.29735107573684866,A
2,0.2845469838981014,0.2859889449651526,0.29860610430185053,0.38981014179283824,0.29343907714491707,A
3,0.2696480231436837,0.28640308582449375,0.28688524590163933,0.39428640308582447,0.29905978784956605,A
4,0.28171021377672206,0.27375296912114017,0.2832541567695962,0.3843230403800475,0.2812351543942993,B
