fold_id,A,B,C,D,E,best
1,0.2803133938564855,0.24947145877378435,0.2957343613978361,0.386892177589852,0.24163661236164657,E
2,0.28346551309781304,0.2558279259793319,0.29944724825763036,0.38981014179283824,0.2448930545541937,E
3,0.2809787849566056,0.24891513982642238,0.29013982642237224,0.39428640308582447,0.2422854387656702,E
4,0.28420427553444183,0.23610451306413302,0.282541567695962,0.3843230403800475,0.23028503562945368,E
