{
  "objective": "tweedie",
  "n_estimators": 2311,
  "max_depth": 7,
  "learning_rate": 0.04524294693226834,
  "subsample": 0.7451557310661411,
  "colsample_bytree": 0.8367306145043649,
  "reg_lambda": 4.789070834511336,
  "min_child_weight": 1,
  "tweedie_variance_power": 1.7859509217294627,
  "verbosity": -1
}