{
  "n_estimators": 1243,
  "max_depth": 6,
  "learning_rate": 0.0374010605914732,
  "subsample": 0.8523870186006601,
  "colsample_bytree": 0.7466915789778914,
  "reg_lambda": 4.5140897097886565,
  "min_child_weight": 10,
  "verbosity": -1
}