{
  "n_estimators": 1297,
  "max_depth": 7,
  "learning_rate": 0.048751540479394874,
  "subsample": 0.9435660554789068,
  "colsample_bytree": 0.608692201746284,
  "reg_lambda": 5.406274845602924,
  "min_child_weight": 4,
  "verbosity": -1
}