{
  "objective": "tweedie",
  "n_estimators": 2699,
  "max_depth": 8,
  "learning_rate": 0.049436365045208985,
  "subsample": 0.8055996463586245,
  "colsample_bytree": 0.7396638077902761,
  "reg_lambda": 1.310939625250904,
  "min_child_weight": 8,
  "tweedie_variance_power": 1.8512452586923132,
  "verbosity": -1
}