{
  "n_estimators": 1305,
  "max_depth": 4,
  "learning_rate": 0.033509155451933406,
  "subsample": 0.8536723933353552,
  "colsample_bytree": 0.7975875711070086,
  "reg_lambda": 7.21237890497841,
  "min_child_weight": 2,
  "verbosity": -1
}