{
  "objective": "tweedie",
  "n_estimators": 3000,
  "max_depth": 8,
  "learning_rate": 0.022751705480379508,
  "subsample": 0.7252680821917857,
  "colsample_bytree": 0.8848522283668308,
  "reg_lambda": 5.0340819079244055,
  "min_child_weight": 4,
  "tweedie_variance_power": 1.8441068927544269,
  "verbosity": -1
}