{
  "objective": "tweedie",
  "n_estimators": 1940,
  "max_depth": 5,
  "learning_rate": 0.0363462044630479,
  "subsample": 0.8589253054048555,
  "colsample_bytree": 0.6647891490205736,
  "reg_lambda": 5.686289803719341,
  "min_child_weight": 8,
  "tweedie_variance_power": 1.7331445748622072,
  "verbosity": -1
}