Block,total_wape,admitted_wape
0,0.21235812328346199,0.4494726500076942
1,0.1566718276209883,0.27527702278904453
2,0.13208581987228873,0.22736433636776934
3,0.1322499782862547,0.28006985812577473
