Block,total_wape,admitted_wape
0,0.21466743115633286,0.4535091561216397
1,0.1550325579352418,0.2779218063976584
2,0.13254721703513148,0.231094437424154
3,0.1318205286573185,0.28077747276185505
