Block,total_wape,admitted_wape
0,0.21484684684684685,0.45368620037807184
1,0.15573506809164672,0.2776115831039847
2,0.12962139185448793,0.22578544685007326
3,0.13405230372382756,0.2793999770983625
