Block,total_wape,admitted_wape
0,0.21419784354873725,0.45323936026023315
1,0.1560314215000538,0.2772039394667307
2,0.12957816377171216,0.22522669716526428
3,0.13562172594430658,0.27925440110459093
