Block,total_wape,admitted_wape
0,0.21372343424808113,0.44846648279454066
1,0.1555627714795311,0.2769391595233117
2,0.13186165049600196,0.22688464966762006
3,0.1332837938255759,0.27941242892487744
