Site,total_wape,admitted_wape
A,0.1447507444049563,0.23940534800656435
B,0.12405103814140675,0.24660415388660065
C,0.1549400320350041,0.2943315776272887
D,0.19543830722726024,0.471664167916042
