Site,total_wape,admitted_wape
A,0.14188929916269472,0.2397059755402066
B,0.12420963536169298,0.24863054566451737
C,0.15802887385102193,0.2953235140843139
D,0.19662453790620707,0.4869089178038718
