Site,total_wape,admitted_wape
A,0.14302079277643232,0.23910187356103332
B,0.12435338371562353,0.24543932249061687
C,0.15729971882819285,0.2920376313118846
D,0.19686405248998393,0.48041626996720616
