Site,total_wape,admitted_wape
A,0.14255976183816407,0.23932577149737025
B,0.12446798030547028,0.24634395149648736
C,0.15779671364328154,0.2900024685262898
D,0.19577534983645267,0.481936951232413
