Site,total_wape,admitted_wape
A,0.14484222715429895,0.23975588491717523
B,0.12524677471190487,0.24645593026327375
C,0.1558197010709662,0.29364380113278793
D,0.19419618227959837,0.4686935580975316
