Block,total_wape,admitted_wape,total_rmse,admitted_rmse
0,0.21607207207207207,0.45800702133405347,3.885448213389292,2.2194427061597977
1,0.16002430567966544,0.27964580591121213,5.748232864973274,3.0271406057389507
2,0.13016508501383947,0.22782028324922676,6.762201287683178,3.6519063176766213
3,0.13366812107241843,0.28111759990839347,6.246068722452284,3.1828695286194173
