Block,total_wape,admitted_wape,total_rmse,admitted_rmse
0,0.10075675675675676,0.38671347556035646,1.9730697187951411,1.923966239447818
1,0.09657933302355506,0.24362809620677275,3.688208326333562,2.6870363989074466
2,0.08854784499802293,0.20584405013836887,4.770774367526054,3.2953078001823117
3,0.08559040641036196,0.2508874384518493,4.248093254190202,2.850348329013108
