Block,total_wape,admitted_wape,total_rmse,admitted_rmse
0,0.2201081081081081,0.4682689711045099,3.974196608514427,2.2739353317550863
1,0.15727204489402008,0.2785688644250329,5.686602549824524,3.0337606536613437
2,0.1326364175563464,0.22863421780888815,6.914304966424628,3.665403822934819
3,0.13462857770094125,0.2845528455284553,6.317068132784281,3.1744543615914784
