Block,total_wape,admitted_wape,total_rmse,admitted_rmse
0,0.21484684684684685,0.45368620037807184,3.8483335071031726,2.2120135883909793
1,0.15573506809164672,0.2776115831039847,5.619172793272907,3.0023995890255963
2,0.12962139185448793,0.22578544685007326,6.764787186527921,3.6123929348908574
3,0.13405230372382756,0.2793999770983625,6.296759242239814,3.151849675761968
