Site,total_wape,admitted_wape,total_rmse,admitted_rmse
A,0.1447507444049563,0.23940534800656435,5.885306387582567,3.2942149067496875
B,0.12405103814140675,0.24660415388660065,7.021351915126416,3.5797785985748916
C,0.1549400320350041,0.2943315776272887,5.192983553729052,2.9939926134757457
D,0.19543830722726024,0.471664167916042,4.570886578687589,2.064046527053986
