Site,total_wape,admitted_wape,total_rmse,admitted_rmse
A,0.0971728620369481,0.21131383338160054,4.152568742416412,2.953515029385594
B,0.08600109759443886,0.22259223556217686,5.022275483165632,3.2574700476153438
C,0.08915107239129585,0.25144218710810134,3.13286048441593,2.6225125388567556
D,0.09475130530365485,0.43598200899550227,2.45368623334102,1.9218261206103122
