Site,total_wape,admitted_wape,total_rmse,admitted_rmse
A,0.14542311017193355,0.24210831161309007,5.912774758926154,3.3045049684362335
B,0.12720662215311443,0.24861975287003768,7.2070353145167365,3.616235680072188
C,0.15884673985232645,0.2983446200150489,5.277290425841952,3.053871589841786
D,0.19543830722726024,0.4893553223388306,4.5926672634311965,2.136301946876998
