Site,total_wape,admitted_wape,total_rmse,admitted_rmse
A,0.14491083149233183,0.2440389999034656,5.862273888520812,3.3376515239720956
B,0.12459983536083417,0.2440627464727018,7.018127615421185,3.5758966759453545
C,0.15775286166347618,0.2949586155003762,5.269877127435858,3.015733775677375
D,0.1978565539983512,0.4863568215892054,4.635477787778479,2.129549112809637
