{
  "pipeline": "B",
  "n_folds": 4,
  "mean_admitted_wape": 0.2828893155168087,
  "mean_total_wape": 0.14917845542294422
}