{
  "weekly_order": 5,
  "annual_order": 3,
  "alpha": 0.05,
  "mean_admitted_wape": 0.3844966626770951,
  "fold_wapes": [
    0.3833361127744391,
    0.3859136515234373,
    0.38825658852000705,
    0.38048029789049687
  ],
  "fourier_config": [
    {
      "period": 7,
      "order": 5
    },
    {
      "period": 365.25,
      "order": 3
    }
  ]
}