{
  "weekly_order": 5,
  "annual_order": 3,
  "alpha": 0.5,
  "mean_admitted_wape": 0.3829972374060947,
  "fold_wapes": [
    0.3832926731701238,
    0.3861141216899579,
    0.3867300556138323,
    0.3758520991504647
  ],
  "fourier_config": [
    {
      "period": 7,
      "order": 5
    },
    {
      "period": 365.25,
      "order": 3
    }
  ]
}