{
  "weekly_order": 5,
  "annual_order": 3,
  "alpha": 0.05,
  "mean_admitted_wape": 0.3845493371879024,
  "fold_wapes": [
    0.38335665496162413,
    0.38589832403149277,
    0.38856444872717255,
    0.3803779210313204
  ],
  "fourier_config": [
    {
      "period": 7,
      "order": 5
    },
    {
      "period": 365.25,
      "order": 3
    }
  ]
}