Block,total_wape,admitted_wape,total_rmse,admitted_rmse
0,0.21455855855855857,0.4623278422900351,3.854210460211655,2.2438759822834045
1,0.1579154305322229,0.2794064855809501,5.668481916950812,3.042057728962001
2,0.128929418742586,0.2292853654566173,6.675688340150011,3.664561685342329
3,0.13086907604072337,0.2822626817817474,6.142595663193328,3.1896501865811557
