Block,total_wape,admitted_wape,total_rmse,admitted_rmse
0,0.21693693693693694,0.46718876586551444,3.906836890068065,2.271219103035145
1,0.15891625263609394,0.28311595070001194,5.696363723532925,3.0802036168064695
2,0.13009094503756424,0.23270389060719518,6.714795407624505,3.6838821444667564
3,0.13325649680305152,0.282720714531089,6.228997633860021,3.196094581850119
