Block,total_wape,admitted_wape,total_rmse,admitted_rmse
0,0.21607207207207207,0.46529840669727246,3.8912691128527688,2.2537120727803464
1,0.16048897308503413,0.28084240756252243,5.747964391870027,3.0780318119523953
2,0.12905298536971135,0.23026208692821099,6.6471937827315655,3.658661294672657
3,0.13160999972558382,0.27917096072369174,6.19521254164972,3.168453037399444
