Block,total_wape,admitted_wape,total_rmse,admitted_rmse
0,0.21304504504504504,0.45989738050229545,3.851940882161976,2.252342173713779
1,0.15913071451549488,0.28455187268158433,5.702140237856403,3.0872097754332897
2,0.12749604586793198,0.22513429920234412,6.611422339390688,3.6186530927627363
3,0.13092395927663894,0.2741326004809344,6.160156723996357,3.1137554899235114
