Block,total_wape,admitted_wape,total_rmse,admitted_rmse
0,0.21102702702702703,0.4590872265730489,3.8307828337484184,2.2429588042429276
1,0.15784394323908926,0.27976546607634317,5.697808401142644,3.0405354737411288
2,0.12806445235270858,0.22806446361712518,6.624403071174241,3.6441508463490506
3,0.13026536044565187,0.27493415779228214,6.147283517961878,3.122169500016179
