Site,total_wape,admitted_wape,total_rmse,admitted_rmse
A,0.1443345179777799,0.24172217395501497,5.843641685468758,3.3104150399346475
B,0.12178724961126863,0.2489702918236789,6.847996913579552,3.6145282976918045
C,0.15650271516193304,0.2982192124404314,5.234422313372557,3.0681558381075726
D,0.19461390491893377,0.4815592203898051,4.5651434785145435,2.110623725415799
