Site,total_wape,admitted_wape,total_rmse,admitted_rmse
A,0.1442704831428297,0.24027415773723332,5.819118482871394,3.302169133714129
B,0.12402817159059727,0.24844448339321706,6.95295774467075,3.625044344840158
C,0.15673711763097237,0.30285929270127915,5.2540401855719505,3.095031196449542
D,0.19587798845836768,0.47916041979010493,4.5756107780021615,2.0866023734819668
