Site,total_wape,admitted_wape,total_rmse,admitted_rmse
A,0.1456792495117344,0.24365286224539048,5.892032703805712,3.326536279886209
B,0.12341077471874143,0.24975900446937166,6.919659474482712,3.6351054688340647
C,0.15751845919443686,0.30248306997742663,5.262648881602193,3.0935350083256896
D,0.1976916735366859,0.4911544227886057,4.616017024310491,2.14063180550719
