Site,total_wape,admitted_wape,total_rmse,admitted_rmse
A,0.14487881407485673,0.24220484602760883,5.844785935664784,3.311813248944568
B,0.12190158236531602,0.2428358601349575,6.845066710529923,3.571866522236644
C,0.1561120443802008,0.29721595184349137,5.24267076095943,3.0550504633038935
D,0.19159109645507008,0.4770614692653673,4.528601379308506,2.0819130961492354
