Site,total_wape,admitted_wape,total_rmse,admitted_rmse
A,0.14516697083213267,0.24220484602760883,5.861922885683116,3.297804482271831
B,0.1213527851458886,0.24467618964157392,6.851376359877726,3.5855218697128737
C,0.15638551392741337,0.2970905442688738,5.241983886061497,3.0602657298751947
D,0.18845836768342952,0.47106446776611693,4.475470410017979,2.0510461046638593
