{
  "pipeline": "A",
  "n_folds": 4,
  "mean_admitted_wape": 0.2793721977001039,
  "mean_total_wape": 0.14593702175632517
}