{
  "pipeline": "A",
  "n_folds": 4,
  "mean_admitted_wape": 0.2820066442933157,
  "mean_total_wape": 0.14630308123800373
}