{
  "pipeline": "A",
  "n_folds": 4,
  "mean_admitted_wape": 0.2822404918613365,
  "mean_total_wape": 0.14734476232023302
}