Block,total_wape,admitted_wape
0,0.2167207207207207,0.45368620037807184
1,0.15516316974657754,0.2776115831039847
2,0.1278173190984579,0.2270877421455315
3,0.13075930956889217,0.2700103057368602
