Block,total_wape,admitted_wape
0,0.21563963963963964,0.4472049689440994
1,0.1550916824534439,0.27832954409477084
2,0.1277184657967576,0.22602962721797168
3,0.13111605060234352,0.2729875186075804
