Site,total_wape,admitted_wape
A,0.14234943809432332,0.2376677285452264
B,0.12290771060093296,0.24073262641311016
C,0.1552916357385631,0.29370453975420113
D,0.19175597691673538,0.4788605697151424
