Site,total_wape,admitted_wape
A,0.14270162968654948,0.2383434694468578
B,0.12261044544040976,0.2397686442905968
C,0.15540883697308278,0.29194883370955604
D,0.1912613355317395,0.4827586206896552
