Block,total_wape,admitted_wape,total_rmse,admitted_rmse
0,0.09232432432432433,0.3688900891169322,1.9236988547978648,1.852592444503674
1,0.09507809986774851,0.24087591240875914,3.650074693412412,2.6618397672478444
2,0.08778173190984578,0.20283249226762168,4.757926027409898,3.269449557880139
3,0.08583738097198211,0.23577235772357724,4.268749491621899,2.7354177538478184
