Block,total_wape,admitted_wape,total_rmse,admitted_rmse
0,0.216,0.444234404536862,3.8956290796129354,2.1902796859946125
1,0.155878042677914,0.27605600095728133,5.626857260829072,3.0118080374288443
2,0.12769375247133255,0.22765749633729448,6.649592332564486,3.6346809144399783
3,0.13182953266924619,0.2700103057368602,6.211962440827789,3.0654721237623064
