Block,total_wape,admitted_wape,total_rmse,admitted_rmse
0,0.31005405405405406,0.5409127734269511,5.497287022618838,2.4780933198847883
1,0.16016728026593274,0.2846715328467153,5.757710879151647,3.0602657298751947
2,0.1283610122578094,0.22635520104183623,6.677922596568585,3.6170890690351176
3,0.13202162399495074,0.2884461238978587,6.221808848702621,3.224615969095878
