Block,total_wape,admitted_wape,total_rmse,admitted_rmse
0,0.21455855855855857,0.4512557385903322,3.8728505255710086,2.202458409429674
1,0.15734353218715375,0.28000478640660525,5.6583090146571,3.0412121256853553
2,0.1271006326611309,0.2262738075858701,6.6461876816403915,3.6294406602357947
3,0.13106116736642792,0.2747051414176114,6.170752733695584,3.1053186817501257
