Block,total_wape,admitted_wape,total_rmse,admitted_rmse
0,0.2167207207207207,0.45368620037807184,3.915385921410589,2.198952238340355
1,0.15516316974657754,0.2776115831039847,5.607442878697926,3.018120855423518
2,0.1278173190984579,0.2270877421455315,6.645491060887014,3.618368775096396
3,0.13075930956889217,0.2700103057368602,6.160156723996357,3.0678205022042695
