Site,total_wape,admitted_wape,total_rmse,admitted_rmse
A,0.1427656645214997,0.23815040061782025,5.822565016767576,3.2736948833543438
B,0.12311350955821823,0.24248532118131627,6.915272059313429,3.5548321023249696
C,0.15603391022385435,0.2949586155003762,5.236780338409966,3.0276503540974917
D,0.1902170926078593,0.48095952023988003,4.485344218362917,2.096440251568134
