Site,total_wape,admitted_wape,total_rmse,admitted_rmse
A,0.14292575160887522,0.2384400038613766,5.83500857778981,3.2973364983785163
B,0.12283911094850453,0.23994391376741742,6.908276184070158,3.52299909647233
C,0.15568230652029535,0.29157261098570353,5.2158156131412525,2.99330528733871
D,0.19280021984061554,0.4719640179910045,4.546060565661952,2.057306561518201
