Site,total_wape,admitted_wape,total_rmse,admitted_rmse
A,0.09528383440591681,0.21005888599285646,4.124103593834047,2.9365722858672245
B,0.08570383243391567,0.21479274384365962,5.03751359401407,3.188037052311905
C,0.08715865140446145,0.24241284173564084,3.0820401024995827,2.556561798676628
D,0.09156361637812586,0.4107946026986507,2.449489742783178,1.8347357150371608
