Site,total_wape,admitted_wape,total_rmse,admitted_rmse
A,0.14401434380302885,0.23737812530167005,5.834479605189694,3.2601534968533716
B,0.12165005030641178,0.24765577074752432,6.848297376336144,3.598982480801948
C,0.15583857483298824,0.2962126912465513,5.208709862932854,3.021187186597498
D,0.27375652651827426,0.6101949025487257,6.213370025854673,2.5057546935728046
