Site,total_wape,admitted_wape,total_rmse,admitted_rmse
A,0.14234943809432332,0.2376677285452264,5.810980099082611,3.278248553762651
B,0.12290771060093296,0.24073262641311016,6.890606118107254,3.526064034021002
C,0.1552916357385631,0.29370453975420113,5.205943896341167,2.994164420356986
D,0.19175597691673538,0.4788605697151424,4.531440236534512,2.0744873926796545
