{
  "pipeline": "E",
  "n_folds": 4,
  "mean_admitted_wape": 0.29277127378140777,
  "mean_total_wape": 0.15821683473192777
}