{
  "pipeline": "E",
  "n_folds": 4,
  "mean_admitted_wape": 0.23977503532774103,
  "mean_total_wape": 0.08951012098909865
}