{
  "pipeline": "E",
  "n_folds": 4,
  "mean_admitted_wape": 0.27787622748894003,
  "mean_total_wape": 0.1456201146935458
}