{
  "objective": "tweedie",
  "n_estimators": 1819,
  "max_depth": 6,
  "learning_rate": 0.02317266967322621,
  "subsample": 0.7056386694619766,
  "colsample_bytree": 0.6192177285077258,
  "reg_lambda": 3.2313226690398964,
  "min_child_weight": 8,
  "verbosity": -1,
  "tweedie_variance_power": 1.7618008169329484
}