{
  "objective": "tweedie",
  "n_estimators": 1681,
  "max_depth": 4,
  "learning_rate": 0.04981843417384384,
  "subsample": 0.7852177636395637,
  "colsample_bytree": 0.8018552807155438,
  "reg_lambda": 6.841055767255671,
  "min_child_weight": 5,
  "verbosity": -1,
  "tweedie_variance_power": 1.8359677902387432
}