{
  "objective": "tweedie",
  "n_estimators": 1967,
  "max_depth": 8,
  "learning_rate": 0.026677534151981715,
  "num_leaves": 186,
  "subsample": 0.8947246474763411,
  "colsample_bytree": 0.8893355341234112,
  "reg_lambda": 8.568293671165044,
  "min_child_weight": 3,
  "tweedie_variance_power": 1.6882549696744482,
  "verbosity": -1
}