{
  "n_estimators": 1380,
  "max_depth": 7,
  "learning_rate": 0.026607288940282057,
  "num_leaves": 50,
  "subsample": 0.730765195703421,
  "colsample_bytree": 0.6142992108164277,
  "reg_lambda": 5.555926019826719,
  "min_child_weight": 9,
  "verbosity": -1
}