{
  "n_estimators": 1447,
  "max_depth": 3,
  "learning_rate": 0.010283809834630819,
  "num_leaves": 35,
  "subsample": 0.9496863887681048,
  "colsample_bytree": 0.8751978207947924,
  "reg_lambda": 1.5294460342462086,
  "min_child_weight": 2,
  "verbosity": -1
}