{
  "objective": "tweedie",
  "n_estimators": 983,
  "max_depth": 6,
  "learning_rate": 0.017864559500729738,
  "num_leaves": 136,
  "subsample": 0.7633072855098253,
  "colsample_bytree": 0.6254918326158746,
  "reg_lambda": 5.001171300984566,
  "min_child_weight": 7,
  "tweedie_variance_power": 1.5981818094880664,
  "verbosity": -1
}