{
  "objective": "tweedie",
  "n_estimators": 2746,
  "max_depth": 7,
  "learning_rate": 0.013247322499798153,
  "num_leaves": 68,
  "subsample": 0.8473021503288763,
  "colsample_bytree": 0.7590559777592907,
  "reg_lambda": 4.347593508971932,
  "min_child_weight": 9,
  "tweedie_variance_power": 1.7491188939849278,
  "verbosity": -1
}