{
  "n_estimators": 936,
  "max_depth": 7,
  "learning_rate": 0.0478605177260741,
  "num_leaves": 105,
  "subsample": 0.8981030665874656,
  "colsample_bytree": 0.6534281659574881,
  "reg_lambda": 7.511422703801141,
  "min_child_weight": 3,
  "verbosity": -1
}