{
  "n_estimators": 535,
  "max_depth": 7,
  "learning_rate": 0.04935732627608671,
  "num_leaves": 127,
  "subsample": 0.7002566166753547,
  "colsample_bytree": 0.8116858300520935,
  "reg_lambda": 9.97076985333824,
  "min_child_weight": 7,
  "verbosity": -1
}