{
  "n_estimators": 912,
  "max_depth": 7,
  "learning_rate": 0.014610435279272459,
  "num_leaves": 73,
  "subsample": 0.9042856044593792,
  "colsample_bytree": 0.6517242789567513,
  "reg_lambda": 9.26522698592861,
  "min_child_weight": 5,
  "verbosity": -1
}