{
  "n_estimators": 1982,
  "max_depth": 6,
  "learning_rate": 0.031056585951221086,
  "num_leaves": 90,
  "subsample": 0.8256257451029709,
  "colsample_bytree": 0.7031566619956551,
  "reg_lambda": 6.179109307254978,
  "min_child_weight": 8,
  "verbosity": -1
}