Block,total_wape,admitted_wape
0,0.5299459459459459,0.674588171752633
1,0.4598777567287415,0.5096326432930477
2,0.25341043890865955,0.2834120136741006
3,0.25320380889657257,0.30035497538073974
