Block,total_wape,admitted_wape
0,0.5295855855855855,0.6762084796111261
1,0.46019944954784286,0.5103506042838339
2,0.25350929221035984,0.2835748005860329
3,0.25320380889657257,0.3001259590060689
