Block,total_wape,admitted_wape
0,0.534054054054054,0.6751282743721307
1,0.4687421810773135,0.5138207490726338
2,0.2608985765124555,0.2874002930164415
3,0.2618753601712357,0.30424825375014314
