Site,total_wape,admitted_wape
A,0.14760029456024076,0.23419248962255043
B,0.22839110948504526,0.31863990885987203
C,0.34988475211938896,0.4597441685477803
D,0.8873866446826051,0.9397301349325338
