Site,total_wape,admitted_wape
A,0.14769634681266608,0.23428902403706922
B,0.22857404189152108,0.3194286215055648
C,0.3497675508848693,0.4599949836970153
D,0.8873866446826051,0.9397301349325338
