Site,total_wape,admitted_wape
A,0.15829411199692633,0.23824693503233904
B,0.2371032653434556,0.32030496888966786
C,0.357580966519514,0.46664158515174314
D,0.8880461665292663,0.9409295352323838
