{
  "objective": "tweedie",
  "n_estimators": 2454,
  "max_depth": 7,
  "learning_rate": 0.01244183498335353,
  "num_leaves": 105,
  "subsample": 0.7703089986949773,
  "colsample_bytree": 0.8687567349393429,
  "reg_lambda": 7.9342954173227,
  "min_child_weight": 10,
  "tweedie_variance_power": 1.4393797654347076,
  "verbosity": -1
}