{
  "objective": "tweedie",
  "n_estimators": 1044,
  "max_depth": 5,
  "learning_rate": 0.03896132172265698,
  "num_leaves": 134,
  "subsample": 0.7794581382143586,
  "colsample_bytree": 0.6499455039262864,
  "reg_lambda": 1.2680712172569528,
  "min_child_weight": 10,
  "tweedie_variance_power": 1.1535902704618548,
  "verbosity": -1
}