{
  "objective": "tweedie",
  "n_estimators": 2944,
  "max_depth": 7,
  "learning_rate": 0.01586349976356413,
  "num_leaves": 51,
  "subsample": 0.7442064744628487,
  "colsample_bytree": 0.7282296894053627,
  "reg_lambda": 4.334792078879586,
  "min_child_weight": 5,
  "tweedie_variance_power": 1.8356907018339903,
  "verbosity": -1
}