{
  "objective": "tweedie",
  "n_estimators": 1496,
  "max_depth": 4,
  "learning_rate": 0.04893092288688078,
  "num_leaves": 169,
  "subsample": 0.8378367899362058,
  "colsample_bytree": 0.8134824970276786,
  "reg_lambda": 4.858267981991231,
  "min_child_weight": 6,
  "tweedie_variance_power": 1.7639248333012056,
  "verbosity": -1
}