{
  "n_estimators": 1012,
  "max_depth": 3,
  "learning_rate": 0.02040095407154674,
  "num_leaves": 111,
  "subsample": 0.7982150652073731,
  "colsample_bytree": 0.8132020201428328,
  "reg_lambda": 2.7059487757225447,
  "min_child_weight": 3,
  "verbosity": -1
}