{
  "n_estimators": 1198,
  "max_depth": 3,
  "learning_rate": 0.014413630888197292,
  "num_leaves": 39,
  "subsample": 0.7620558978132261,
  "colsample_bytree": 0.7482510876132835,
  "reg_lambda": 5.2690627744208225,
  "min_child_weight": 1,
  "verbosity": -1
}