{
  "n_estimators": 1714,
  "max_depth": 3,
  "learning_rate": 0.01442255041474627,
  "num_leaves": 114,
  "subsample": 0.8850253701712892,
  "colsample_bytree": 0.8365238450768517,
  "reg_lambda": 3.8938920198752407,
  "min_child_weight": 8,
  "verbosity": -1
}