{
  "n_estimators": 965,
  "max_depth": 3,
  "learning_rate": 0.018065600961338187,
  "num_leaves": 80,
  "subsample": 0.8492862389674998,
  "colsample_bytree": 0.8358658421009427,
  "reg_lambda": 8.465412969170952,
  "min_child_weight": 2,
  "verbosity": -1
}