{
  "n_estimators": 994,
  "max_depth": 4,
  "learning_rate": 0.018674375538767548,
  "num_leaves": 97,
  "subsample": 0.831957305712545,
  "colsample_bytree": 0.8922193060115475,
  "reg_lambda": 2.768112224671274,
  "min_child_weight": 10,
  "verbosity": -1
}