{
  "objective": "poisson",
  "n_estimators": 1944,
  "max_depth": 8,
  "learning_rate": 0.019192830329909902,
  "num_leaves": 89,
  "subsample": 0.7673759629147594,
  "colsample_bytree": 0.8733535815220714,
  "reg_lambda": 4.580712118489497,
  "min_child_weight": 8,
  "verbosity": -1
}