{
  "objective": "poisson",
  "n_estimators": 1853,
  "max_depth": 4,
  "learning_rate": 0.047406876624417206,
  "num_leaves": 221,
  "subsample": 0.7378223082149837,
  "colsample_bytree": 0.6318206487628739,
  "reg_lambda": 3.0584077264978364,
  "min_child_weight": 3,
  "verbosity": -1
}