{
  "n_estimators": 599,
  "max_depth": 4,
  "learning_rate": 0.035609721588214745,
  "num_leaves": 76,
  "subsample": 0.887718314584377,
  "colsample_bytree": 0.7147422493915784,
  "reg_lambda": 9.578882150166278,
  "min_child_weight": 3,
  "verbosity": -1
}