{
  "objective": "tweedie",
  "n_estimators": 2779,
  "max_depth": 8,
  "learning_rate": 0.020413354170747515,
  "num_leaves": 55,
  "subsample": 0.9384013723241821,
  "colsample_bytree": 0.8843951360534048,
  "reg_lambda": 6.292528120010597,
  "min_child_weight": 8,
  "tweedie_variance_power": 1.8642842804050572,
  "verbosity": -1
}