{
  "objective": "tweedie",
  "n_estimators": 2101,
  "max_depth": 5,
  "learning_rate": 0.045103141850256996,
  "num_leaves": 123,
  "subsample": 0.7141225212436846,
  "colsample_bytree": 0.7665182197968298,
  "reg_lambda": 3.8470630417755958,
  "min_child_weight": 3,
  "tweedie_variance_power": 1.4311503526588454,
  "verbosity": -1
}