{
  "objective": "tweedie",
  "n_estimators": 2071,
  "max_depth": 5,
  "learning_rate": 0.026924287535786854,
  "num_leaves": 139,
  "subsample": 0.9351049022446811,
  "colsample_bytree": 0.7618999737832616,
  "reg_lambda": 8.02890800579323,
  "min_child_weight": 6,
  "tweedie_variance_power": 1.6582506270410964,
  "verbosity": -1
}