{
  "n_estimators": 610,
  "max_depth": 7,
  "learning_rate": 0.02248278030406682,
  "num_leaves": 82,
  "subsample": 0.8355858302640705,
  "colsample_bytree": 0.6126724264509493,
  "reg_lambda": 3.238629326029661,
  "min_child_weight": 4,
  "verbosity": -1
}