{
  "n_estimators": 811,
  "max_depth": 3,
  "learning_rate": 0.017941146087077066,
  "num_leaves": 46,
  "subsample": 0.9032555647578426,
  "colsample_bytree": 0.7585585265480703,
  "reg_lambda": 8.424569940777765,
  "min_child_weight": 3,
  "verbosity": -1
}