{
  "n_estimators": 1485,
  "max_depth": 3,
  "learning_rate": 0.03958604675521558,
  "num_leaves": 113,
  "subsample": 0.75317961751271,
  "colsample_bytree": 0.7330958035310783,
  "reg_lambda": 5.727018218388189,
  "min_child_weight": 3,
  "verbosity": -1
}