{
  "objective": "poisson",
  "n_estimators": 997,
  "max_depth": 8,
  "learning_rate": 0.0423855891920213,
  "num_leaves": 225,
  "subsample": 0.8841796410442062,
  "colsample_bytree": 0.7529845387826464,
  "reg_lambda": 9.400659254271076,
  "min_child_weight": 3,
  "verbosity": -1
}