{
  "objective": "tweedie",
  "n_estimators": 2600,
  "max_depth": 7,
  "learning_rate": 0.02310811117815553,
  "num_leaves": 76,
  "subsample": 0.852551442226955,
  "colsample_bytree": 0.7542143639656967,
  "reg_lambda": 4.467217746481743,
  "min_child_weight": 6,
  "tweedie_variance_power": 1.2158192756194333,
  "verbosity": -1
}