{
  "objective": "tweedie",
  "n_estimators": 2763,
  "max_depth": 7,
  "learning_rate": 0.04022616488134601,
  "num_leaves": 118,
  "subsample": 0.7333650232335007,
  "colsample_bytree": 0.8944874870041852,
  "reg_lambda": 1.1931924253935284,
  "min_child_weight": 2,
  "tweedie_variance_power": 1.36857188676363,
  "verbosity": -1
}