{
  "n_estimators": 1711,
  "max_depth": 6,
  "learning_rate": 0.023648105717711542,
  "num_leaves": 75,
  "subsample": 0.7553588673823616,
  "colsample_bytree": 0.8780809470192681,
  "reg_lambda": 3.426683146452636,
  "min_child_weight": 5,
  "verbosity": -1
}