{
  "n_estimators": 1229,
  "max_depth": 3,
  "learning_rate": 0.010335865423256518,
  "num_leaves": 78,
  "subsample": 0.7170661846686617,
  "colsample_bytree": 0.6997469196636676,
  "reg_lambda": 4.904243939139364,
  "min_child_weight": 9,
  "verbosity": -1
}