{
  "n_estimators": 1490,
  "max_depth": 3,
  "learning_rate": 0.012908432451513869,
  "num_leaves": 76,
  "subsample": 0.7873512017719877,
  "colsample_bytree": 0.8968835359411853,
  "reg_lambda": 5.264340764799172,
  "min_child_weight": 8,
  "verbosity": -1
}