{
  "n_estimators": 1112,
  "max_depth": 5,
  "learning_rate": 0.01018116952831464,
  "num_leaves": 46,
  "subsample": 0.7004616170035649,
  "colsample_bytree": 0.8927268610918724,
  "reg_lambda": 2.1615621128414304,
  "min_child_weight": 6,
  "verbosity": -1
}