{
  "n_estimators": 1290,
  "max_depth": 6,
  "learning_rate": 0.03219204701939912,
  "num_leaves": 76,
  "subsample": 0.8608436292530648,
  "colsample_bytree": 0.8400178760229375,
  "reg_lambda": 1.7012041798748556,
  "min_child_weight": 10,
  "verbosity": -1
}