{
  "objective": "poisson",
  "n_estimators": 2801,
  "max_depth": 4,
  "learning_rate": 0.02459504231765864,
  "num_leaves": 133,
  "subsample": 0.8906200007649432,
  "colsample_bytree": 0.7783656421322895,
  "reg_lambda": 3.565215099256181,
  "min_child_weight": 8,
  "verbosity": -1
}