{
  "n_estimators": 761,
  "max_depth": 4,
  "learning_rate": 0.02880638537772799,
  "num_leaves": 97,
  "subsample": 0.8458791798444544,
  "colsample_bytree": 0.8129114158926175,
  "reg_lambda": 5.860410260004625,
  "min_child_weight": 4,
  "verbosity": -1
}