{
  "objective": "tweedie",
  "n_estimators": 2783,
  "max_depth": 6,
  "learning_rate": 0.03225748685816353,
  "num_leaves": 80,
  "subsample": 0.7762400313682489,
  "colsample_bytree": 0.7520991584441907,
  "reg_lambda": 7.527421203460976,
  "min_child_weight": 2,
  "tweedie_variance_power": 1.7677536338074893,
  "verbosity": -1
}