{
  "objective": "tweedie",
  "n_estimators": 1605,
  "max_depth": 8,
  "learning_rate": 0.011041092351470588,
  "num_leaves": 55,
  "subsample": 0.7366949694850736,
  "colsample_bytree": 0.7573241464948606,
  "reg_lambda": 1.8362018297608573,
  "min_child_weight": 7,
  "tweedie_variance_power": 1.857651697719812,
  "verbosity": -1
}