{
  "objective": "tweedie",
  "n_estimators": 2310,
  "max_depth": 4,
  "learning_rate": 0.015543651864556913,
  "num_leaves": 154,
  "subsample": 0.7229501412065973,
  "colsample_bytree": 0.8004884533376573,
  "reg_lambda": 5.587775013898298,
  "min_child_weight": 7,
  "tweedie_variance_power": 1.3247010467403335,
  "verbosity": -1
}